Row,C0,C1,C2,C3,C4,C5,C6,C7,C8,C9,C10,C11,C12,C13,C14
0,0,0,1,0,0,0,1,0,0,0,0,0,0,0,1
1,0,0,0,0,0,0,1,0,0,0,0,0,0,0,1
2,1,0,0,0,0,0,1,0,0,0,0,0,0,0,1
3,0,0,0,0,0,1,0,0,0,0,0,0,0,0,1
4,0,0,0,0,0,0,0,0,0,0,0,0,0,0,1
5,0,0,0,1,0,0,0,0,0,0,0,0,0,0,1
6,1,1,1,0,0,0,0,0,0,0,0,0,0,0,1
7,0,0,0,0,0,0,0,0,0,1,0,0,0,1,0
8,0,0,0,0,0,0,0,0,0,0,0,0,0,1,0
9,0,0,0,0,0,0,0,1,0,0,0,0,0,1,0
10,0,0,0,0,0,0,0,0,0,0,0,0,1,0,0
11,0,0,0,0,0,0,0,0,0,0,0,0,0,0,0
12,0,0,0,0,0,0,0,0,0,0,1,0,0,0,0
13,0,0,0,0,0,0,0,1,1,1,0,0,0,0,0
14,1,1,1,1,1,1,1,0,0,0,0,0,0,0,0
END
